Feature,absolute_correlation,Random Forest importance,rfe_selected,best_rfe_ranking,correlation_score,importance_score,combined_score
production_rate_per_hour,0.9220305093447883,0.7412277543738217,1,1,0.9752557810094145,1.0,0.9925767343028242
good_units,0.9269394697644971,0.06916195069450871,1,1,0.9804481168156012,0.09330728684456198,0.5407880784669614
units_produced,0.9271781164015162,0.022919111598657834,1,1,0.9807005396042316,0.030920471425168856,0.5096703975938539
shift_start_hour,0.9454242951428222,0.010379710959946052,1,1,1.0,0.014003403000896369,0.5070017015004482
estimated_oee_pct,0.9267155700501493,0.018857472952816257,1,1,0.9802112922327147,0.02544086192340001,0.5067838186315144
downtime_minutes,0.9163301928877844,0.002030188379471813,1,1,0.9692264072284681,0.0027389535368746226,0.4921373989369777
runtime_hours,0.9164271617747232,0.0006909894765618207,1,1,0.9693289737559383,0.0009322228862646387,0.4912648035699138
defect_rate_pct,0.8796476381688011,0.003410922246818278,1,1,0.9304263098463272,0.004601719547994766,0.4814287527278956
experience_runtime_interaction,0.7310758060856821,0.003563707132207369,1,1,0.7732779978699837,0.004807843623203149,0.4343873211725967
temperature_deviation,0.5311349966588,0.002576858334882262,1,1,0.561795375248489,0.003476473080880726,0.37027684911498704
defect_count,0.40038311812474625,0.0008822822189379137,1,1,0.4234956941362097,0.0011902984119681983,0.327643857446847
shift_name,0.0,0.09897621480769635,1,1,0.0,0.13353009816977238,0.2667650490848862
experience_level,0.7149764973190731,0.00023181508724085193,0,3,0.7562493379875158,0.0003127447479846271,0.22703117377024706
cycle_time_avg,0.0480622766049924,0.004780072582118442,1,1,0.05083672680289201,0.00644885806543574,0.2184754470735855
machine_prior_avg_downtime,0.04965150206230733,0.003650510401756568,1,1,0.052517692127645864,0.00492495104266632,0.21821778315962692
machine_prior_avg_defect_rate,0.017810827214797684,0.0025661331842171276,1,1,0.018838977701654113,0.003462003640682558,0.2073826951308375
machine_id,0.0,0.00899913229913353,1,1,0.0,0.012140846380928983,0.2060704231904645
machine_prior_avg_units,0.00851065634934604,0.0020575476916040256,1,1,0.009001943776006266,0.002775864340565892,0.20408851530308483
maintenance_downtime,0.0011206426677696911,0.0010297668161622893,1,1,0.001185333054721636,0.0013892717995054316,0.2010502358161692
humidity,0.46047978501790265,0.00019175020641725164,0,3,0.48706151024851696,0.0002586926963888979,0.14624779942274954
humidity_deviation,0.06281881765839892,0.00021272881496055515,0,3,0.06644510616147122,0.00028699520991394247,0.020077029453398336
maintenance_flag,0.0605252384375149,0.000241145043989309,0,3,0.06401912744200375,0.0003253319139311301,0.019368404189566688
temperature,0.03009176115702851,0.00024505049658510303,0,4,0.031828842681139946,0.00033060081080223184,0.009713953209743099
issue_type,0.0,0.0006506643115518085,0,3,0.0,0.0008778196818891112,0.0004389098409445556
day_of_week,0.0,0.0003414684143592502,0,4,0.0,0.00046067947718406426,0.00023033973859203213
skill_category,0.0,7.558962224543066e-05,0,5,0.0,0.00010197894209896075,5.0989471049480376e-05
machine_status,0.0,4.946185130189846e-05,0,5,0.0,6.672962663639478e-05,3.336481331819739e-05
defect_type,0.0,1.399714568465651e-14,0,6,0.0,1.8883731217648605e-14,9.441865608824303e-15
inspection_result,0.0,9.279677036270883e-15,0,6,0.0,1.2519332933114759e-14,6.2596664665573795e-15
severity,0.0,7.21173351897368e-15,0,6,0.0,9.729443448951862e-15,4.864721724475931e-15
shift_duration_hours,0.0,0.0,0,6,0.0,0.0,0.0
